CID100000085;carnitina
CID100000119;ácido gama-aminobutírico
CID100000137;ácido 5-aminolevulínico
CID100000143;leucovorina
CID100000146;5-metiltetraidrofolato
CID100000158;PGE2
CID100000159;prostaciclina
CID100000160;prostaglandina
CID100000175;acetato
CID100000187;acetilcolina
CID100000191;adenosina
CID100000206;glicose
CID100000214;PGE1
CID100000222;amônia
CID100000232;arginina
CID100000244;benzil
CID100000247;betaína
CID100000271;cálcio
CID100000297;grafeno
CID100000298;cloranfenicol
CID100000303;bile
CID100000305;colina
CID100000311;cítrico
CID100000312;cloreto
CID100000338;salicilato
CID100000401;D-cicloserina
CID100000444;bupropiona
CID100000450;estradiol
CID100000453;manitol
CID100000564;EACA
CID100000581;N-acetilcisteína
CID100000596;citarabina
CID100000598;mesna
CID100000612;lactato
CID100000679;DMSO
CID100000681;dopamina
CID100000698;estrona
CID100000699;Estrogênio
CID100000700;monoetanolamina
CID100000727;lindano
CID100000738;glutamina
CID100000750;glicina
CID100000753;glicerol
CID100000767;bicarbonato
CID100000772;HBPM
CID100000774;histamina
CID100000785;quinol
CID100000813;potássio
CID100000815;canamicina
CID100000838;epinefrina
CID100000853;tiroxina
CID100000861;triiodotironina
CID100000888;magnésio
CID100000896;melatonina
CID100000923;sódio
CID100000937;niacina
CID100000942;nicotina
CID100000946;nitrito
CID100000948;nitroso
CID100000951;norepinefrina
CID100000961;hidroxil
CID100001003;fosfato
CID100001046;pirazinamida
CID100001054;piridoxina
CID100001065;quinidina
CID100001071;retinol
CID100001084;tiossulfato
CID100001125;tetraidrobiopterina
CID100001130;tiamina
CID100001134;timidina
CID100001206;metanfetamina
CID100001301;naproxeno
CID100001546;cladribina
CID100001690;doxorrubicina
CID100001727;4-AP
CID100001775;fenitoína
CID100001798;metazolamida
CID100001805;5-azacitidina
CID100001875;metilprednisolona
CID100001971;abacavir
CID100001972;anfotericina
CID100001978;acebutolol
CID100001983;acetaminofeno
CID100001986;acetazolamida
CID100001990;acetoidroxâmico
CID100001993;metacolina
CID100002019;actinomicina
CID100002021;espectinomicina
CID100002022;aciclovir
CID100002082;albendazol
CID100002083;salbutamol
CID100002085;Almeta
CID100002088;alendronato
CID100002092;alfuzosina
CID100002094;alopurinol
CID100002099;alosetron
CID100002118;alprazolam
CID100002123;hexametilmelamina
CID100002130;amantadina
CID100002133;amcinonida
CID100002140;diatrizoato
CID100002141;amifostina
CID100002142;amicacina
CID100002145;aminoglutetimida
CID100002148;p-amino-hipurato
CID100002153;teofilina
CID100002156;amiodarona
CID100002159;amisulprida
CID100002160;amitriptilina
CID100002161;amlexanox
CID100002162;anlodipino
CID100002163;amobarbital
CID100002168;amorolfina
CID100002170;amoxapina
CID100002171;amoxicilina
CID100002173;ampicilina
CID100002177;amprenavir
CID100002179;amsacrina
CID100002182;anagrelida
CID100002187;anastrozol
CID100002215;apomorfina
CID100002216;apraclonidina
CID100002232;argatrobana
CID100002244;aspirina
CID100002249;atenolol
CID100002250;atorvastatina
CID100002265;azatioprina
CID100002266;azelaico
CID100002267;azelastina
CID100002269;azitromicina
CID100002274;aztreonam
CID100002284;baclofeno
CID100002307;beclometasona
CID100002308;beclometasona
CID100002311;benazepril
CID100002315;bendrofluazida
CID100002337;benzocaína
CID100002341;benzfetamina
CID100002344;benztropina
CID100002345;benzil
CID100002349;penicilina
CID100002350;bepotastina
CID100002351;bepridil
CID100002366;betaistina
CID100002367;dexametasona
CID100002369;betaxolol
CID100002370;betanecol
CID100002375;bicalutamida
CID100002391;bisacodil
CID100002405;bisoprolol
CID100002431;bretílio
CID100002435;brimonidina
CID100002441;bromazepam
CID100002442;bromexina
CID100002443;bromocriptina
CID100002462;budesonida
CID100002471;bumetanida
CID100002474;bupivacaína
CID100002476;buprenorfina
CID100002477;buspirona
CID100002478;bussulfano
CID100002479;butabarbital
CID100002484;butenafina
CID100002487;butorfanol
CID100002512;cabergolina
CID100002519;cafeína
CID100002520;verapamil
CID100002522;calcipotriol
CID100002524;1,25(OH)2D3
CID100002540;candesartana
CID100002541;candesartana
CID100002547;capreomicina
CID100002548;capsaicina
CID100002550;captopril
CID100002551;carbacol
CID100002554;carbamazepina
CID100002559;carbenicilina
CID100002563;carbidopa
CID100002564;carbinoxamina
CID100002576;carisoprodol
CID100002578;BCNU
CID100002583;carteolol
CID100002585;carvedilol
CID100002609;cefaclor
CID100002610;cefadroxil
CID100002617;cefazolina
CID100002622;cefepima
CID100002631;cefotaxima
CID100002637;cefoxitina
CID100002646;cefprozil
CID100002650;ceftazidima
CID100002654;cefem
CID100002655;ceftizoxima
CID100002656;ceftriaxona
CID100002658;cefuroxima
CID100002662;celecoxibe
CID100002663;celiprolol
CID100002666;cefalexina
CID100002675;cefixima
CID100002676;cerivastatina
CID100002678;cetirizina
CID100002684;cevimelina
CID100002708;clorambucil
CID100002712;clordiazepóxido
CID100002713;clorexidina
CID100002719;cloroquina
CID100002720;tiazida
CID100002725;clorfeniramina
CID100002726;clorpromazina
CID100002727;clorpropamida
CID100002732;clortalidona
CID100002733;clorzoxazona
CID100002749;ciclopirox
CID100002751;cilazapril
CID100002754;cilostazol
CID100002756;cimetidina
CID100002762;cinoxacino
CID100002764;ciprofloxacino
CID100002767;cisplatina
CID100002771;citalopram
CID100002781;clemastina
CID100002786;clindamicina
CID100002789;clobazam
CID100002791;clobetasol
CID100002792;clobetasona
CID100002794;clofazimina
CID100002800;clomifeno
CID100002801;clomipramina
CID100002802;clonazepam
CID100002803;clonidina
CID100002806;clopidogrel
CID100002809;clorazepato
CID100002812;clotrimazol
CID100002818;clozapina
CID100002826;cocaína
CID100002828;codeína
CID100002833;colchicina
CID100002881;sódio
CID100002883;crotamitona
CID100002891;cianocobalamina
CID100002895;ciclobenzaprina
CID100002905;ciclopentolato
CID100002907;ciclofosfamida
CID100002909;v
CID100002913;ciproeptadina
CID100002914;ciproterona
CID100002949;danazol
CID100002951;dantroleno
CID100002955;dapsona
CID100002958;antraciclina
CID100002972;deferiprona
CID100002973;deferoxamina
CID100002978;delta
CID100002995;desipramina
CID100003000;desoximetasona
CID100003003;dexametasona
CID100003007;anfetamina
CID100003008;dextrometorfano
CID100003009;DFMO
CID100003015;ciproterona
CID100003016;diazepam
CID100003019;diazóxido
CID100003032;diclofenaco
CID100003038;diclorfenamida
CID100003040;dicloxacilina
CID100003042;diciclomina
CID100003043;didanosina
CID100003053;dietilenotriaminopentaacético
CID100003056;diflorasona
CID100003059;diflunisal
CID100003060;epitópico
CID100003062;digoxina
CID100003063;diidrocodeína
CID100003066;diidroergotamina
CID100003075;diltiazem
CID100003080;dimercaprol
CID100003100;difenidramina
CID100003105;dipivefrina
CID100003108;dipiridamol
CID100003114;disopiramida
CID100003117;dissulfiram
CID100003121;valproato
CID100003125;alfa-metil-p-tirosina
CID100003143;docetaxel
CID100003148;dolasetrona
CID100003151;domperidona
CID100003152;donepezila
CID100003154;dorzolamida
CID100003155;dotiepina
CID100003156;doxapram
CID100003157;doxazosina
CID100003158;doxepina
CID100003168;droperidol
CID100003171;L-treo-DOPS
CID100003182;difilina
CID100003198;econazol
CID100003199;trabectedina
CID100003202;edrofônio
CID100003203;efavirenz
CID100003209;ácido eicosapentaenoico
CID100003219;emedastina
CID100003222;CAS
CID100003226;enflurano
CID100003241;epinastina
CID100003249;vitamina
CID100003250;ergonovina
CID100003251;ergotamina
CID100003255;eritromicina
CID100003256;monomicina
CID100003261;estazolam
CID100003263;estradiol
CID100003267;estradiol
CID100003268;estramustina
CID100003269;estriol
CID100003278;ácido etacrínico
CID100003279;etambutol
CID100003291;etosuximida
CID100003292;etoína
CID100003305;etidronato
CID100003308;etodolaco
CID100003310;etoposídeo
CID100003324;famciclovir
CID100003325;famotidina
CID100003331;felbamato
CID100003333;felodipino
CID100003339;fenofibrato
CID100003340;fenoldopam
CID100003342;fenoprofeno
CID100003345;fentanil
CID100003348;fexofenadina
CID100003350;finasterida
CID100003354;flavoxato
CID100003355;flecainida
CID100003363;FdUrd
CID100003364;flucloxacilina
CID100003365;fluconazol
CID100003366;5-fluorocitosina
CID100003367;fludarabina
CID100003368;FAMP
CID100003370;fludrocortisona
CID100003372;flufenazina
CID100003373;flumazenil
CID100003375;flumetasona
CID100003379;flunisolida
CID100003380;flunitrazepam
CID100003381;fluocinolona
CID100003382;fluocinonida
CID100003384;fluorometolona
CID100003385;5-FU
CID100003386;fluoxetina
CID100003387;fluoximesterona
CID100003388;flufenazina
CID100003392;flurandrenolona
CID100003393;flurazepam
CID100003394;flurbiprofeno
CID100003397;flutamida
CID100003399;fluticasona
CID100003403;fluvastatina
CID100003404;fluvoxamina
CID100003405;folato
CID100003406;4-metilpirazol
CID100003410;formoterol
CID100003414;foscarnet
CID100003417;fosfomicina
CID100003419;fosinopril
CID100003425;Romidepsina
CID100003440;furosemida
CID100003443;ácido fusídico
CID100003446;gabapentina
CID100003449;galantamina
CID100003454;ganciclovir
CID100003461;gemcitabina
CID100003462;gemeprost
CID100003463;genfibrozila
CID100003467;gentamicina
CID100003475;gliclazida
CID100003476;glimepirida
CID100003478;glipizida
CID100003488;glibenclamida
CID100003494;glicopirrolato
CID100003510;granisetrona
CID100003512;griseofulvina
CID100003516;guaifenesina
CID100003517;icodextrina
CID100003519;guanfacina
CID100003520;guanidínio
CID100003553;halcinonida
CID100003559;haloperidol
CID100003598;hexaclorofeno
CID100003623;homatropina
CID100003636;Buscopan
CID100003637;hidralazina
CID100003639;hidroclorotiazida
CID100003640;cortisol
CID100003642;hidrocortisona
CID100003647;hidroflumetiazida
CID100003648;hidromorfona
CID100003652;hidroxicloroquina
CID100003657;hidroxiureia
CID100003658;hidroxizina
CID100003661;atropina
CID100003672;ibuprofeno
CID100003675;fenelzina
CID100003676;lidocaína
CID100003685;idarrubicina
CID100003687;IdUrd
CID100003690;ifosfamida
CID100003696;imipramina
CID100003702;indapamida
CID100003706;indinavir
CID100003715;indometacina
CID100003724;iodixanol
CID100003730;iohexol
CID100003734;iopamidol
CID100003736;iopromida
CID100003737;sódio
CID100003738;iotrolan
CID100003739;iodipamida
CID100003741;ioversol
CID100003742;ioxaglato
CID100003743;ioxilano
CID100003746;ipratrópio
CID100003749;irbesartana
CID100003750;irinotecano
CID100003759;isocarboxazida
CID100003763;isoflurano
CID100003767;isoniazida
CID100003777;isopropil
CID100003779;isoproterenol
CID100003780;isossorbida
CID100003783;isoxsuprina
CID100003784;isradipino
CID100003793;itraconazol
CID100003821;cetamina
CID100003823;cetoconazol
CID100003825;cetoprofeno
CID100003826;cetorolaco
CID100003827;cetotifeno
CID100003830;citocinina
CID100003848;fenillactato
CID100003869;labetalol
CID100003872;lactulose
CID100003877;lamivudina
CID100003878;lamotrigina
CID100003883;lansoprazol
CID100003890;latanoprosta
CID100003899;leflunomida
CID100003902;letrozol
CID100003911;Leuprorrelina
CID100003914;levobunolol
CID100003915;levocabastina
CID100003916;levomepromazina
CID100003918;dextrorfano
CID100003928;lincomicina
CID100003929;linezolida
CID100003937;Lisinopril
CID100003938;lisurida
CID100003939;LiOH
CID100003948;lomefloxacino
CID100003950;lomustina
CID100003954;loperamida
CID100003957;loratadina
CID100003958;lorazepam
CID100003961;losartana
CID100003962;lovastatina
CID100003964;loxapina
CID100003998;mafenida
CID100004004;malationa
CID100004011;maprotilina
CID100004030;mebendazol
CID100004031;mebeverina
CID100004032;mecamilamina
CID100004033;nitrogênio
CID100004034;monamina
CID100004036;meclofenamat o
CID100004042;medroxiprogesterona
CID100004043;medrisona
CID100004044;ácido mefenâmico
CID100004046;mefloquina
CID100004048;megestrol
CID100004051;meloxicam
CID100004053;melfalan
CID100004054;memantina
CID100004057;Cantril
CID100004058;meperidina
CID100004060;mefenitoína
CID100004062;mepivacaína
CID100004064;meprobamato
CID100004075;5-ASA
CID100004086;metaproterenol
CID100004091;metformina
CID100004095;metadona
CID100004101;metenamina
CID100004107;metocarbamol
CID100004112;metotrexato
CID100004114;8-MOP
CID100004120;N-metilescopolamina
CID100004121;meticlotiazida
CID100004138;metildopa
CID100004139;azul de metileno
CID100004140;metilergometrina
CID100004158;metilfenidato
CID100004159;metilprednisolona
CID100004160;metiltestosterona
CID100004163;metisergida
CID100004168;metoclopramida
CID100004170;metolazona
CID100004171;metoprolol
CID100004173;metronidazol
CID100004174;metirapona
CID100004178;mexiletina
CID100004184;mianserina
CID100004189;miconazol
CID100004192;midazolam
CID100004195;midodrina
CID100004196;mifepristona
CID100004197;milrinona
CID100004201;minoxidil
CID100004205;mirtazapina
CID100004211;mitotano
CID100004212;mitoxantrona
CID100004235;moclobemida
CID100004236;modafinila
CID100004240;mometasona
CID100004248;montelucaste
CID100004253;morfina
CID100004259;moxifloxacino
CID100004264;mupirocina
CID100004271;micofenolato
CID100004272;ácido micofenólico
CID100004274;tetrofosmin
CID100004409;nabumetona
CID100004411;nadolol
CID100004419;nalbufina
CID100004421;ácido nalidíxico
CID100004422;nalmefeno
CID100004425;naloxona
CID100004428;naltrexona
CID100004432;nandrolona
CID100004436;nafazolina
CID100004440;naratriptano
CID100004443;nateglinida
CID100004449;nefazodona
CID100004450;nefopam
CID100004451;nelfinavir
CID100004454;neomicina
CID100004456;neostigmina
CID100004463;nevirapina
CID100004473;nicardipino
CID100004485;nifedipino
CID100004493;nilutamida
CID100004497;nimodipino
CID100004499;nisoldipino
CID100004506;nitrazepam
CID100004509;nitrofurantoína
CID100004510;nitroglicerina
CID100004513;nizatidina
CID100004536;noretisterona
CID100004539;norfloxacino
CID100004542;levonorgestrel
CID100004543;nortriptilina
CID100004547;repaglinida
CID100004568;nistatina
CID100004583;ofloxacino
CID100004585;olanzapina
CID100004594;omeprazol
CID100004595;ondansetrona
CID100004599;orlistate
CID100004601;orfenandrina
CID100004603;oseltamivir
CID100004607;oxacilina
CID100004609;oxaliplatina
CID100004614;oxaprozina
CID100004616;oxazepam
CID100004623;oxiconazol
CID100004631;oxprenolol
CID100004634;oxibutinina
CID100004635;oxicodona
CID100004638;oximetolona
CID100004639;oximorfona
CID100004649;APAs
CID100004666;paclitaxel
CID100004673;pamidronato
CID100004675;pancurônio
CID100004678;dexpantenol
CID100004679;pantoprazol
CID100004680;papaverina
CID100004689;paromomicina
CID100004691;paroxetina
CID100004695;isossulfano
CID100004724;penbutolol
CID100004725;penciclovir
CID100004727;D-penicilamina
CID100004730;penicilina
CID100004735;pentamidina
CID100004736;pentazocina
CID100004737;pentobarbital
CID100004739;pentostatina
CID100004740;pentoxifilina
CID100004745;pergolida
CID100004746;perexilina
CID100004747;propericiazina
CID100004748;perfenazina
CID100004756;fenilazo
CID100004763;fenobarbital
CID100004768;fenoxibenzamina
CID100004771;fentermina
CID100004775;4-PBA
CID100004782;fenilefrina
CID100004786;fenilpropanolamina
CID100004810;moxonidina
CID100004811;fisostigmina
CID100004812;vitamina
CID100004819;pilocarpina
CID100004828;pindolol
CID100004829;pioglitazona
CID100004834;piperacilina
CID100004845;pirbuterol
CID100004865;podofilotoxina
CID100004868;polimixina
CID100004870;politiazida
CID100004885;pramipexol
CID100004889;pravastatina
CID100004891;praziquantel
CID100004893;prazosina
CID100004894;prednisolona
CID100004895;prednisolona
CID100004896;prednisolona
CID100004900;prednisona
CID100004906;prilocaína
CID100004908;primaquina
CID100004909;primidona
CID100004911;probenecida
CID100004913;procainamida
CID100004914;procaína
CID100004915;procarbazina
CID100004917;proclorperazina
CID100004920;progesterona
CID100004923;proguanil
CID100004927;prometazina
CID100004932;propafenona
CID100004934;propantelina
CID100004935;proparacaína
CID100004943;propofol
CID100004946;propranolol
CID100004976;protriptilina
CID100004989;pirantel
CID100004991;piridostigmina
CID100004992;mepiramina
CID100004993;pirimetamina
CID100004999;quazepam
CID100005002;quetiapina
CID100005005;quinapril
CID100005029;rabeprazol
CID100005032;efedrina
CID100005035;raloxifeno
CID100005038;ramipril
CID100005039;ranitidina
CID100005040;rapamicina
CID100005051;rescinamina
CID100005052;reserpina
CID100005064;ribavirina
CID100005070;riluzol
CID100005071;rimantadina
CID100005073;risperidona
CID100005076;ritonavir
CID100005077;rivastigmina
CID100005078;rizatriptano
CID100005090;rofecoxibe
CID100005095;ropinirol
CID100005106;roxitromicina
CID100005152;salmeterol
CID100005155;estavudina
CID100005161;salsalato
CID100005184;escopolamina
CID100005193;secobarbital
CID100005195;deprenila
CID100005203;sertralina
CID100005206;sevoflurano
CID100005210;sibutramina
CID100005212;sildenafila
CID100005214;prata
CID100005215;sulfadiazina
CID100005238;sódio
CID100005245;risedronato
CID100005248;sódio
CID100005253;sotalol
CID100005257;esparfloxacino
CID100005267;espironolactona
CID100005291;imatinibe
CID100005297;estreptomicina
CID100005300;estreptozotocina
CID100005311;vorinostate
CID100005314;succinilcolina
CID100005318;sulconazol
CID100005320;sulfacetamida
CID100005329;sulfametoxazol
CID100005333;sulfonamida
CID100005352;sulindaco
CID100005358;sumatriptano
CID100005359;suprofeno
CID100005372;tacrolimo
CID100005376;tamoxifeno
CID100005379;gatifloxacino
CID100005381;tazaroteno
CID100005391;temazepam
CID100005394;temozolomida
CID100005396;teniposídeo
CID100005401;terazosina
CID100005402;terbinafina
CID100005403;terbutalina
CID100005404;terconazol
CID100005407;testolactona
CID100005408;testosterona
CID100005409;testosterona
CID100005410;testosterona
CID100005411;tetracaína
CID100005419;tetrahidrozolina
CID100005426;talidomida
CID100005430;tiabendazol
CID100005452;tioridazina
CID100005453;tiotepa
CID100005454;tiotixeno
CID100005466;tiagabina
CID100005468;ácido tiaprof ênico
CID100005470;tibolona
CID100005472;ticlopidina
CID100005478;timolol
CID100005479;tinidazol
CID100005483;tiopronina
CID100005486;tirofibana
CID100005487;tizanidina
CID100005496;tobramicina
CID100005503;tolazamida
CID100005505;tolbutamida
CID100005508;tolmetina
CID100005512;tolterodina
CID100005514;topiramato
CID100005515;topotecano
CID100005516;toremifeno
CID100005523;tramadol
CID100005524;tramazolina
CID100005525;trandolapril
CID100005526;ácido tranexâmico
CID100005530;tranilcipromina
CID100005533;trazodona
CID100005538;ácido retinoico
CID100005544;triancinolona
CID100005546;triantereno
CID100005556;triazolam
CID100005564;triclosan
CID100005565;trien
CID100005566;trifluoperazina
CID100005572;tri-hexifenidil
CID100005576;trimetadiona
CID100005577;trimetobenzamida
CID100005578;trimetoprima
CID100005582;trimetrexato
CID100005584;trimipramina
CID100005591;troglitazona
CID100005593;tropicamida
CID100005595;tropissetrona
CID100005596;tróspio
CID100005625;delavirdina
CID100005636;unoprostone
CID100005645;UDCA
CID100005647;VACV
CID100005650;valsartana
CID100005651;Vancocine
CID100005656;venlafaxina
CID100005665;vigabatrina
CID100005672;vinorelbina
CID100005717;zafirlucaste
CID100005718;zalcitabina
CID100005719;zaleplona
CID100005721;zanamivir
CID100005726;zidovudina
CID100005727;ZnCl2
CID100005731;zolmitriptano
CID100005732;zolpidem
CID100005734;zonisamida
CID100005735;zopiclona
CID100005746;mitomicina
CID100005771;ocitocina
CID100005775;fentolamina
CID100005877;demetil
CID100005878;oxandrolona
CID100005939;biguanida
CID100005978;vincristina
CID100006018;tetrabenazina
CID100006049;EDTA
CID100006058;cisteamina
CID100006116;cálcio
CID100006238;17-hidroxiprogesterona
CID100006256;trifluorotimidina
CID100006432;Optison
CID100006436;triancinolona
CID100006451;bromocresol
CID100006468;fenciclidina
CID100006476;metsuximida
CID100006503;tris
CID100006726;ciclizina
CID100007012;fenilbutírico
CID100007029;dietilpropiona
CID100007187;benzoíla
CID100007638;monobenzona
CID100007699;benzonatato
CID100008197;tetraeno
CID100008230;argenina
CID100008612;cloroprocaína
CID100008982;nafcilina
CID100009034;metoexital
CID100009354;ácido dimercaptossuccínico
CID100009433;aminofilina
CID100009904;nandrolona
CID100010100;propoxifeno
CID100010340;sódio
CID100010413;hidroxibutirato
CID100010547;ecotiofato
CID100010631;medroxiprogesterona
CID100010660;dimenidrinato
CID100011125;lítio
CID100011973;Brolene
CID100012453;zuclopentixol
CID100012460;fendimetrazina
CID100012536;desonida
CID100012555;benzidamina
CID100012559;eritromicina
CID100012597;isomannida
CID100012620;Tadenan
CID100013314;lormetazepam
CID100013342;vimblastina
CID100014789;ferumoxitol
CID100014888;arsênico
CID100014917;fluoreto
CID100015232;benzatina
CID100015459;metaxalona
CID100016124;azul de metileno
CID100016230;amilorida
CID100016362;pimozida
CID100016533;betametasona
CID100016850;fluoresceína
CID100016886;5-aza-2'-desoxicitidina
CID100017358;SonoVue
CID100018140;estramustina
CID100019090;megestrol
CID100020585;colina
CID100020969;clocortolona
CID100021800;betametasona
CID100021945;metenamina
CID100022258;hidrocodona
CID100022318;ouro
CID100022502;procaína
CID100023703;ogen
CID100023897;molindona
CID100023925;Fe(III
CID100023926;lantânio
CID100023951;samário
CID100023954;prata
CID100023957;tecnécio-99m
CID100023976;cromo
CID100023978;cobre
CID100023982;gadolínio
CID100023993;ítrio
CID100023994;zinco
CID100024087;selênio
CID100024414;bário
CID100024424;zinco
CID100024450;potássio
CID100024642;TlCl
CID100024706;Triphasil
CID100024748;glicose
CID100024841;iodeto
CID100025419;clodronato
CID100025959;Azul da Prússia
CID100027304;HMDP
CID100027400;pizotifeno
CID100027661;mononitrato de isossorbida-5
CID100027991;desmopressina
CID100027993;estrógenos conjugados
CID100028332;propoxifeno
CID100028486;lítio
CID100029089;clorexidina
CID100030623;dexrazoxano
CID100031072;carbimazol
CID100031264;paraldeído
CID100031378;fludrocortisona
CID100031477;metipranolol
CID100032169;articaína
CID100032281;Protirelina
CID100032603;clindamicina
CID100032797;clobetasol
CID100032800;Asp-Tyr(SO3H)-Met-Gly-Trp-Met-Asp-Phe-NH2
CID100034312;oxcarbazepina
CID100036339;etomidato
CID100036523;gonadorelina
CID100036811;dobutamina
CID100037392;halofantrina
CID100037720;pentosano
CID100038904;carboplatina
CID100039042;bezafibrato
CID100039507;rimexolona
CID100039524;estiripentol
CID100039764;vecurônio
CID100039860;nabilona
CID100040159;permetrina
CID100040632;pirfenidona
CID100040703;pinavério
CID100040973;desogestrel
CID100040976;Implanon
CID100041317;acitretina
CID100041684;nitazoxanida
CID100041693;sufentanila
CID100041744;valrrubicina
CID100041774;acarbose
CID100041781;torasemida
CID100042113;desflurano
CID100042395;Westcort
CID100042615;Supremon
CID100042955;misoprostol
CID100044563;lodoxamida
CID100044564;lodoxamida
CID100045469;sódio
CID100047319;atracúrio
CID100047320;cisatracúrio
CID100047419;cefuroxima
CID100047471;butoconazol
CID100047528;nicorandil
CID100047640;naftifina
CID100047725;Gosserrelina
CID100050294;nedocromil
CID100050614;cefotetan
CID100051263;alfentanila
CID100051577;miglitol
CID100051634;miglustate
CID100052421;prednicarbato
CID100054158;mebrofenina
CID100054313;iloprost
CID100054331;fosfomicina
CID100054373;Octreotida
CID100054454;sinvastatina
CID100054547;cefpodoxima
CID100054688;claritromicina
CID100054786;treprostinila
CID100054808;loteprednol
CID100054840;atomoxetina
CID100054949;NSC
CID100055331;moexiprilato
CID100055466;Gd-DTPA
CID100055480;milnaciprano
CID100056338;fosfenitoína
CID100056959;ranolazina
CID100057166;Photofrin
CID100057469;imiquimode
CID100057537;rotigotina
CID100057697;pemirolaste
CID100059708;levetiracetam
CID100059768;esmolol
CID100060146;tansulosina
CID100060164;adapaleno
CID100060172;adefovir
CID100060183;perindopril
CID100060184;perindopril
CID100060198;exemestano
CID100060490;zileutona
CID100060496;anlodipino
CID100060612;dexmedetomidina
CID100060613;cidofovir
CID100060668;etoposídeo
CID100060695;rocurônio
CID100060706;meropeném
CID100060714;gadoteridol
CID100060726;bromfenaco
CID100060751;mTHPC
CID100060752;ibutilida
CID100060754;gadodiamida
CID100060787;saquinavir
CID100060795;aripiprazol
CID100060814;remifentanila
CID100060830;tiotrópio
CID100060834;duloxetina
CID100060843;pemetrexede
CID100060852;ibandronato
CID100060853;ziprasidona
CID100060860;metaiodobenzilguanidina
CID100060864;olopatadina
CID100060867;levosimendana
CID100060871;adefovir
CID100060877;entricitabina
CID100060878;eprosartana
CID100060936;tiludronato
CID100060953;capecitabina
CID100061475;sódio
CID100061799;monometilfumarato
CID100062305;doxiciclina
CID100062358;amônio
CID100062816;colestipol
CID100062819;Metrodin
CID100062924;fluticasona
CID100062956;fosinoprilato
CID100062959;trovafloxacino
CID100062965;beclometasona
CID100063001;benazeprilato
CID100064147;valganciclovir
CID100064778;Meropeném
CID100064929;ácido fenofíbrico
CID100064987;tenofovir
CID100065014;AMD3100
CID100065157;testosterona
CID100065281;CAS
CID100065370;Glat
CID100065628;bendamustina
CID100065840;colestimida
CID100065856;reboxetina
CID100065863;sertaconazol
CID100065866;lercanidipino
CID100065999;telmisartana
CID100068613;atosibana
CID100068740;ácido zoledrônico
CID100068844;brinzolamida
CID100069512;malvidina
CID100071158;acamprosato
CID100071273;ropivacaína
CID100071301;nebivolol
CID100071316;mivacúrio
CID100071329;dofetilida
CID100071348;lanreotida
CID100071360;iloperidona
CID100071362;Hoe
CID100071406;TPGS
CID100071436;Lutalyse
CID100071469;eritromicina
CID100071616;voriconazol
CID100072022;perindoprilato
CID100072054;darifenacina
CID100072081;Terlipressina
CID100072111;rifaximina
CID100072466;bleomicina
CID100072938;gemifloxacino
CID100073303;doripeném
CID100073658;telitromicina
CID100074989;atovaquona
CID100077992;frovatriptano
CID100077993;eletriptano
CID100077996;paricalcitol
CID100077997;MK-462
CID100077998;rosiglitazona
CID100078032;Vallergan
CID100082146;bexaroteno
CID100082148;agomelatina
CID100083030;Ge-132
CID100083513;bário
CID100083606;estrôncio
CID100084003;cetorolaco
CID100091488;fluocinolona
CID100093860;bortezomibe
CID100096312;nelarabina
CID100102258;rasburicase
CID100102399;dextrano
CID100104741;ICI
CID100104758;raltitrexede
CID100104778;levodopa/carbidopa
CID100104799;fotemustina
CID100104849;rimonabanto
CID100104865;bosentana
CID100105145;68Ga
CID100107694;Diane-35
CID100107969;FTY720
CID100107994;quinaprilato
CID100110634;vardenafila
CID100110635;tadalafila
CID100114709;eslicarbazepina
CID100115237;paliperidona
CID100115355;NTBC
CID100119182;clofarabina
CID100119212;benzilpenicilil
CID100119607;valdecoxibe
CID100119828;parecoxibe
CID100119830;tenofovir
CID100121396;N-carbamilglutamato
CID100121749;ustequinumabe
CID100121892;retigabina
CID100122197;FP-CIT
CID100122316;rasagilina
CID100123015;SU5416
CID100123597;travoprosta
CID100123606;almotriptano
CID100123610;Eptifibatida
CID100123611;fondaparinux
CID100123619;etoricoxibe
CID100123620;mometasona
CID100123623;Cancidas
CID100123631;gefitinibe
CID100123634;Trisequens
CID100123809;Madopar
CID100124087;desloratadina
CID100125017;desvenlafaxina
CID100125889;pregabalina
CID100127909;bimatoprosta
CID100128549;trandolaprilato
CID100129228;rufinamida
CID100129806;rosuvastatina
CID100130564;esomeprazol
CID100130881;olmesartana
CID100131535;fosamprenavir
CID100132804;pitavastatina
CID100132971;abiraterona
CID100132999;ivabradina
CID100134018;febuxostate
CID100134019;pixantrona
CID100134780;pomalidomida
CID100135113;sacrosidase
CID100145068;óxido nítrico
CID100147740;drospirenona
CID100147912;posaconazol
CID100148121;pralatrexato
CID100148127;ospemifeno
CID100148191;temsirolimo
CID100148192;atazanavir
CID100148211;palonossetrona
CID100150310;eplerenona
CID100150311;ezetimiba
CID100150610;ertapeném
CID100151075;nepafenaco
CID100151165;aprepitanto
CID100151171;conivaptana
CID100152945;dutasterida
CID100153941;entecavir
CID100153994;clevidipino
CID100154058;solifenacina
CID100154256;bazedoxifeno
CID100156326;asenapina
CID100156418;cinacalcete
CID100157429;gadopentetato
CID100157688;vinflunina
CID100157920;lubiprostona
CID100157921;metil
CID100158781;olmesartana
CID100158786;pegaptanibe
CID100159247;sevelâmero
CID100160036;MnDPDP
CID100160051;colesevelam
CID100160352;zidovudina/lamivudina
CID100163296;tipranavir
CID100166548;Anidulafungina
CID100168625;poli(estireno
CID100168924;lantânio
CID100170361;vareniclina
CID100171558;Kaluril
CID100176870;erlotinibe
CID100179344;eslicarbazepina
CID100185457;S-benzoilmercaptoacetiltriglicina
CID100192155;Prednefrin
CID100193962;etravirina
CID100197281;gadobenato
CID100197712;ambrisentana
CID100206527;L-Dmp
CID100208898;dronedarona
CID100208902;ramelteon
CID100208908;lapatinibe
CID100208920;NuvaRing
CID100213023;dabigatrana
CID100213039;darunavir
CID100213046;lurasidona
CID100214339;luliconazol
CID100216209;alisquireno
CID100216210;dabigatrana
CID100216235;sitaxsentana
CID100216237;tolvaptana
CID100216239;sorafenibe
CID100216258;Colimicina
CID100216326;lenalidomida
CID100216416;lasofoxifeno
CID100219024;regadenosona
CID100219078;lacosamida
CID100219084;Gd-EOB-DTPA
CID100219090;fosaprepitanto
CID100222786;cortisona
CID100315411;18F-FDG
CID100358641;trimetoprima-sulfametoxazol
CID100441332;carboprost
CID100441382;natamicina
CID100443379;CAS
CID100444006;cefditoren
CID100444013;gadoversetamida
CID100444033;ciclesonida
CID100449193;roflumilaste
CID100455658;hemina
CID100477468;FK463
CID100483407;maraviroque
CID100489129;efinaconazol
CID100517045;sódio
CID100644241;nilotinibe
CID100656628;silodosina
CID100656892;TMC207
CID100657298;propiltiouracila
CID100667490;6-mercaptopurina
CID101349907;metimazol
CID102723601;6-tioguanina
CID102761171;etionamida
CID103006171;rilpivirina
CID103010818;d-telaprevir
CID103038497;fospropofol
CID103052762;prucaloprida
CID103055172;pimecrolimo
CID103062316;dasatinibe
CID103080904;Estrofem
CID103081276;fluticasona/salmeterol
CID103081361;vandetanibe
CID103081362;telavancina
CID103081884;copolímero
CID103085017;sevelâmero
CID103086257;Photofrin
CID103086685;axitinibe
CID103086686;sunitinibe
CID103325225;ALX
CID104369359;sitagliptina
CID104474778;2-hidroxissuccinalaldeído
CID104479094;doxercalciferol
CID104479097;hidroxocobalamina
CID104517618;sódio
CID104630253;alclometasona
CID104659568;entacapona
CID104659569;tolcapona
CID105001396;varfarina
CID105251896;vildagliptina
CID105273759;abacavir-lamivudina
CID105277135;elvitegravir
CID105281007;dacarbazina
CID105310993;acipimox
CID105311167;halobetasol
CID105327147;polioxietileno
CID105328940;bosutinibe
CID105353894;pralidoxima
CID105353980;sulfassalazina
CID105359596;arsênico
CID105360237;Paroven
CID105361912;rifabutina
CID105361917;metilnaltrexona
CID105362070;balsalazida
CID105362420;verteporfina
CID105381226;rifampicina
CID105462337;olsalazina
CID105464096;ramiprilato
CID105479141;CGP
CID105487068;Mersyndol
CID105487301;tegaserode
CID105488383;ofatumumabe
CID105488547;alvimopana
CID105493381;deferasirox
CID106102852;gadobutrol
CID106323497;rifapentina
CID106326970;selênio
CID106328144;rádio
CID106328526;AC1O3HA7
CID106331630;eribulina
CID106333887;auranofina
CID106398970;cefdinir
CID106433082;hexaminolevulinato
CID106433091;tapentadol
CID106433101;tafluprost
CID106433117;indacaterol
CID106433119;rivaroxabana
CID106435110;ivermectina
CID106437075;Timentin
CID106440191;fidaxomicina
CID106442177;everolimo
CID106445540;ixabepilona
CID106452749;Locorten
CID106453361;Sativex
CID106477186;delamanida
CID106850789;ferro
CID106850791;leuprorrelina
CID106918182;estrôncio
CID106918313;vilazodona
CID106918366;fosaprepitanto
CID106918430;ceftobiprole
CID106918456;prasugrel
CID106918462;retapamulina
CID106918558;fesoterodina
CID106918584;sugamadex
CID106918638;belinostate
CID106918670;PEP005
CID109794842;tasimelteon
CID109800339;olodaterol
CID109810131;ceftarolina
CID109811221;cabazitaxel
CID109812414;dalteparina
CID109815559;trans
CID109818231;tofacitinibe
CID109825285;azilsartana
CID109831414;Lovaza
CID109831761;irbesartana-hidroclorotiazida
CID109831783;Stalevo
CID109846180;eltrombopague
CID109853053;lomitapida
CID109854489;fluticasona
CID109865528;mirabegrona
CID109869929;avanafila
CID109871419;ticagrelor
CID109887712;dapagliflozina
CID109898619;Depreotida
CID109912092;apremilaste
CID109924495;perampanel
CID109930048;vernakalanto
CID109940864;Benicar-HCT
CID109941444;SOM230
CID109966051;Lu
CID110028615;vorapaxar
CID110096344;linagliptina
CID110107393;18F-flutemetamol
CID110113978;pazopanibe
CID110163178;afatinibe
CID110178705;besifloxacino
CID110182969;apixabana
CID110324367;boceprevir
CID110465263;lorcaserina
CID110482134;glicerol
CID111001318;tafamidis
CID111020241;ascorbato
CID111163584;alogliptina
CID111167602;regorafenibe
CID111228026;aclídinio
CID111234049;TR-700
CID111235728;Saxagliptina
CID111238823;azilsartana
CID111254352;sódio
CID111304743;riociguate
CID111499245;AN2690
CID111501341;florbetabeno
CID111505907;Zyprexa
CID111519069;umeclidínio
CID111531537;eliglustate
CID111556711;Carfilzomibe
CID111593706;sevelâmero
CID111597571;crizotinibe
CID111597697;lisdexanfetamina
CID111672461;gadofosveset
CID111707110;trametinibe
CID111722286;espinosade
CID111947681;nitroprussiato
CID111949646;empagliflozina
CID111979316;vasopressina
CID113559279;ulipristal
CID115951529;MDV3100
CID116004692;macitentan
CID116065945;TMC435
CID116126651;PCI-32765
CID116129616;salmão
CID116129617;cosintropina
CID116129629;LY146032
CID116129632;Nuvocid
CID116129665;Vitrum
CID116129672;Insulina
CID116129682;Forteo
CID116129690;ziconotida
CID116129701;T-A2-3
CID116129703;Revasc
CID116129704;Bivalirudina
CID116130199;Enfuvirtida
CID116130295;BPTI
CID116130957;Org
CID116131215;Abarelix
CID116131310;hepatite
CID116132265;ACTH(1-39
CID116132283;glucagon
CID116132344;oCRH
CID116132418;NovoLog
CID116132438;Humalog
CID116132441;Refludan
CID116132446;Symlin
CID116134956;liraglutida
CID116136245;degarelix
CID116137271;insulina
CID116139342;Lyxumia
CID116139605;teduglutida
CID116156130;exenatida
CID116158207;linaclotida
CID116158473;o291
CID116213095;pentamido
CID116220172;ivacaftor
CID117754772;ruxolitinibe
CID119371515;alcaftadina
CID122834577;nesiritida
CID123668479;raltegravir
CID123689036;pertecnetato
CID123690938;piroxicam
CID124762228;Azarga
CID124776445;vismodegibe
CID124812758;canagliflozina
CID124822371;florbetapir
CID124826799;ponatinibe
CID124838347;glucagon
CID124846132;hetamido
CID124950485;cobicistato
CID124965990;suvorexanto
CID125074470;Triptorrelina
CID125074886;cetrorelix
CID125077405;Nafarelina
CID125077993;Histrelina
CID125094462;sofosbuvir
CID125102847;cabozantinibe
CID125880656;doxiciclina
CID125880664;tetraciclina
CID126275995;minociclina
CID140468184;acenocumarol
CID142611257;vemurafenibe
CID144134877;oxitetraciclina
CID144146714;Lantus
CID144201342;tesamorelina
CID144201343;ecalantida
CID144462760;dabrafenibe
CID144564107;mipomersena
CID144564722;Promacta
CID144567678;dalbavancina
CID146181941;Signifor
CID146216142;dolutegravir
CID151508717;tenoxicam
CID151601240;demeclociclina
CID153477714;heparina
CID153627505;hidroxipropil
CID154677977;A77
CID154681041;tigeciclina
CID154682541;doxiciclina
CID154687131;limeciclina
CID156603655;pegaptanibe
CID156842239;n-3
CID170683024;x
CID170695640;colestiramina
CID171306834;K779
